challengeID,gpa
1,3.02705468636
2,2.86331304366
3,3.05821178285
4,3.07249507209
5,3.26051872984
6,2.63959687189
7,2.8951634588
8,2.7779818846
9,2.42645715081
10,2.43221438834
11,2.67961337667
12,2.70576523124
13,2.776940035
14,2.92877147561
15,2.73271242137
16,2.50142582142
17,2.46022888881
18,2.79827547459
19,2.81389608588
20,3.02921448731
21,2.56830404687
22,2.0833369047
23,2.74402880389
24,3.09840415974
25,2.97788874982
26,2.16244372976
27,2.58085095896
28,3.09920289441
29,2.44942689834
30,2.95451322006
31,2.3559071205
32,2.63641735728
33,2.91992991361
34,2.8826147504
35,3.24674708399
36,2.98246691968
37,3.23497558549
38,2.72590421031
39,2.81648921966
40,2.67941273639
41,3.30785632883
42,2.8830236254
43,2.60415793788
44,2.0989057865
45,2.65277126394
46,2.85008288242
47,3.09605701656
48,2.0905504523
49,2.93866936932
50,2.82689674614
51,3.46162697476
52,3.38420926513
53,2.53002994365
54,2.83070050329
55,2.58431356116
56,2.7695193928
57,3.4185660511
58,2.897805779
59,2.88574248988
60,2.77880729843
61,3.49411586654
62,3.08026140752
63,2.98890730269
64,3.33901145738
65,2.06730091752
66,2.50581925423
67,2.9724470065
68,2.95706229268
69,2.99265928786
70,3.41444855121
71,2.84701516323
72,3.07801554364
73,2.5595678789
74,2.64186532909
75,2.60820321331
76,2.82971683556
77,2.7958297118
78,3.29329558154
79,2.5461501076
80,2.99454242399
81,2.66644357161
82,2.5328614189
83,3.36691530812
84,2.48881760062
85,2.00828495148
86,2.66614406597
87,3.0485188781
88,3.05468361476
89,3.42025042712
90,2.6089901321
91,3.0510411077
92,2.61009368486
93,3.20887508
94,2.70594094119
95,3.28325929507
96,3.38475423199
97,3.1038773658
98,2.74731078518
99,2.7910149813
100,3.25755554003
101,2.78564486718
102,3.04363924173
103,2.90842469286
104,2.6682885504
105,3.22310947286
106,3.35254009979
107,3.11531943889
108,2.67661252441
109,2.89113652227
110,2.7766309698
111,3.19972383198
112,2.40658429124
113,2.51986487623
114,2.595690055
115,3.44511556193
116,2.83252588499
117,2.59763108473
118,2.61124331172
119,2.40549824027
120,3.24593890683
121,2.10945800124
122,2.89849332958
123,2.67915908926
124,2.82543370675
125,2.61075539872
126,2.89769069705
127,2.47778388325
128,2.06944596297
129,2.8954089136
130,2.74081051462
131,2.66715974142
132,2.84733242161
133,2.81870987883
134,2.73929273369
135,2.81331900981
136,2.12802087544
137,2.38796859714
138,2.42904561663
139,3.16385225611
140,3.21869857713
141,2.3815107083
142,2.67347685456
143,3.05838259008
144,2.93591156594
145,2.65847891743
146,2.81622658554
147,2.95144026809
148,3.03727526174
149,2.17485640068
150,2.59220515759
151,2.76577681445
152,3.09379702604
153,2.39796090746
154,2.60097707
155,2.98829727511
156,2.01935067141
157,3.08676584049
158,2.38390388332
159,2.8060821277
160,2.79793829861
161,3.23436015788
162,1.87098038451
163,2.74330270099
164,3.51794372696
165,2.27173341043
166,2.82365387343
167,2.8303122657
168,2.04398782954
169,2.63761426609
170,2.90688325412
171,2.94512652264
172,2.85122990477
173,3.1614975095
174,3.21423097617
175,2.69308529301
176,3.05882908574
177,2.95184840698
178,2.8523158833
179,2.8873923602
180,2.93030562469
181,3.0413364939
182,2.72396140349
183,2.83524962817
184,3.02807446459
185,3.00794123731
186,2.74808548803
187,3.23680899335
188,2.98381699095
189,2.89070500536
190,2.55330544387
191,3.30048363271
192,2.70158844221
193,2.9637688445
194,2.6738560686
195,2.65887561204
196,3.46116804546
197,3.0363672661
198,2.1722735346
199,2.88478538031
200,2.49709515586
201,3.25767512111
202,2.67224280354
203,3.28197014734
204,2.95243586012
205,2.64508369634
206,2.70511821046
207,3.04692073891
208,3.82890419442
209,2.75227942887
210,2.8291133182
211,2.25717655887
212,2.80220835905
213,2.98280405924
214,3.00345161131
215,2.93381658048
216,2.75304278859
217,2.71487394774
218,2.8299560693
219,2.94469046325
220,3.1874719736
221,2.40882275619
222,2.82011612867
223,2.97467614012
224,3.07751244497
225,2.17977817815
226,2.8792604806
227,3.29181549772
228,2.21198750222
229,3.26066199407
230,3.01356832963
231,3.16773771795
232,3.29102988284
233,2.89767587944
234,2.79651932839
235,2.71806400844
236,2.56517397621
237,2.93607759405
238,3.05983044237
239,3.00445196938
240,3.21252419703
241,2.77761753009
242,2.19284353552
243,2.9035083517
244,2.89063609759
245,3.18792712391
246,2.90924007804
247,3.83368354498
248,2.05772929231
249,2.94170578251
250,3.19711617265
251,3.01513435363
252,1.84181166983
253,2.95926748467
254,2.05432832056
255,3.78398711106
256,2.86008067144
257,2.54620198091
258,3.16607531897
259,3.01731532612
260,2.80179031436
261,2.32664509722
262,2.7670952381
263,2.50548263847
264,2.97294938456
265,2.89513967415
266,2.77613832417
267,2.86913605521
268,2.98537342541
269,2.89286323785
270,3.14362907763
271,2.55593177466
272,2.93059853735
273,2.96853836566
274,2.86176094762
275,3.0104465917
276,3.23060160358
277,3.30122646826
278,2.26585149413
279,3.11677866904
280,2.99419320826
281,2.84779847146
282,2.97112429985
283,3.18874515105
284,3.57938162355
285,3.35436558743
286,3.03319002716
287,3.08071774564
288,2.88168831604
289,2.82100111432
290,2.88959654439
291,2.55239151242
292,3.12605703725
293,2.87690679076
294,2.99842627464
295,3.24379746851
296,2.97514309022
297,1.63225606363
298,2.75183746836
299,3.2148635691
300,2.38834430407
301,2.95440432542
302,2.85645897945
303,2.58412411679
304,3.05909019422
305,3.03201147093
306,3.08339351017
307,2.71599946823
308,3.01290307122
309,2.56696580533
310,2.82994104279
311,2.74961679933
312,2.73632998666
313,2.99661266519
314,2.48133453961
315,2.7435613541
316,2.72923908393
317,2.31092267479
318,3.15748576516
319,3.07194059221
320,3.32256394613
321,3.70836536244
322,2.76155620714
323,3.27286036953
324,2.41612371936
325,2.8750118171
326,2.45370639431
327,3.63875926639
328,2.44656227749
329,2.99292305047
330,2.72101077476
331,2.71417684952
332,2.36463371968
333,2.69931155064
334,2.79701834895
335,3.17051569409
336,2.94548130946
337,2.8688543822
338,3.0309352145
339,2.83833541229
340,3.06997203286
341,2.71872953256
342,2.94602484721
343,2.86047132632
344,2.66269677567
345,2.75207060883
346,3.1398021009
347,2.347239888
348,2.96311004947
349,3.05835801332
350,3.07526960732
351,2.88460474713
352,3.33552852706
353,3.19891972708
354,2.67577167174
355,2.88201004619
356,2.59342368018
357,2.81318156611
358,3.07161060474
359,2.62804599017
360,2.69056967374
361,2.93058065303
362,3.04526675487
363,2.81585554666
364,2.76567043414
365,3.54320101277
366,3.20170751625
367,2.523501259
368,2.48306567689
369,2.903111929
370,2.41263691871
371,3.05593905954
372,3.30580574461
373,2.6253448293
374,2.86817582687
375,2.95358605882
376,2.5972348291
377,3.52364325921
378,2.80092421855
379,2.0728295354
380,3.13203491548
381,3.40632232248
382,3.11103269972
383,3.02283918435
384,2.66133647654
385,3.18065102159
386,3.45252294579
387,2.9680772869
388,2.79271334999
389,3.03227012248
390,3.22323720013
391,3.60809073685
392,3.42218393668
393,2.57731951947
394,2.99601902975
395,2.87720134138
396,2.99423365375
397,3.15736901442
398,2.98657794759
399,2.68192763894
400,2.89249841556
401,2.63439845847
402,2.80768524079
403,2.45654831462
404,2.81979640636
405,2.46235362914
406,2.77369030891
407,3.32787445871
408,3.23401637507
409,3.20817553147
410,2.54290736163
411,2.80455131971
412,2.97914509845
413,3.08003491361
414,2.56673681933
415,2.65168343706
416,2.75268531391
417,2.19435612774
418,2.46474380162
419,2.56333527326
420,2.4653632137
421,2.82281766281
422,2.58736619761
423,2.75940990495
424,3.77055280791
425,3.38648049287
426,2.52008900333
427,2.72461947987
428,2.62233901779
429,2.60396006836
430,3.06461570788
431,1.76395777153
432,3.21868834256
433,3.35816304861
434,3.05395597086
435,2.19353984475
436,2.82999275345
437,3.96262558224
438,2.69770096401
439,3.80488456278
440,2.12287936359
441,2.67489499907
442,3.07055857484
443,2.75358701805
444,2.77218728404
445,3.15328500285
446,2.98478464608
447,2.78048050611
448,3.11449730402
449,2.51910811189
450,2.75163197064
451,3.17319964126
452,2.6448037119
453,3.34635176935
454,2.67745525527
455,2.646302213
456,2.93928476537
457,2.75326526805
458,2.6065428383
459,3.18670675881
460,2.9220183442
461,3.33275074324
462,2.82040392238
463,2.70799340571
464,2.74375985148
465,2.86488548891
466,3.46035638183
467,2.87732935696
468,2.75880802736
469,2.20735994104
470,2.62559258788
471,2.91477692254
472,2.04585328424
473,2.90651612477
474,2.72702329414
475,2.96824699635
476,2.87948094128
477,2.73559870645
478,2.73835392523
479,3.07338331491
480,2.93493011941
481,2.579940259
482,2.29289050553
483,1.82878237153
484,2.82170282306
485,2.11927041778
486,2.60651281078
487,2.90883744905
488,2.77799219336
489,2.87170608533
490,3.4762346453
491,2.45492634132
492,2.71876649939
493,2.91740317571
494,2.90267056465
495,2.75378320583
496,3.09274543128
497,3.361845934
498,3.4726961895
499,2.91829527272
500,2.77477173517
501,2.76984836997
502,2.81079867568
503,3.02763041097
504,2.60022396741
505,3.39443761659
506,2.88428916327
507,2.93688939171
508,2.89908939647
509,2.87777694616
510,3.09459902686
511,2.66096052174
512,3.17977899722
513,2.48233187983
514,2.76711621939
515,2.53298461435
516,2.87706934523
517,2.75637851754
518,3.00087548783
519,2.12088963132
520,3.82131523417
521,3.26665711092
522,2.83498915898
523,2.86675622111
524,3.35462363547
525,3.77506709254
526,3.65205928489
527,2.22037493264
528,2.80049779759
529,2.86254426984
530,2.49005712811
531,2.96280890456
532,3.16574979041
533,3.67764866549
534,3.81385187883
535,3.01871283128
536,3.48288252263
537,2.77157375394
538,3.14122008195
539,2.35934492901
540,2.46581541443
541,3.42261761206
542,3.32076395614
543,3.14967510028
544,2.75766265895
545,2.51720735838
546,2.83001636715
547,3.01155216168
548,3.10078945287
549,2.88262003186
550,2.97643311526
551,2.89587331798
552,3.05236247003
553,2.7172515053
554,2.80787473318
555,2.64409438311
556,2.77669002773
557,2.75366897972
558,2.98477468857
559,2.82677962597
560,3.25988194895
561,2.73332112523
562,2.4757963551
563,2.72648843246
564,2.53057304874
565,3.14280699621
566,3.22173296242
567,3.17930080878
568,3.31881124657
569,2.88217049736
570,2.52040280426
571,3.24787712721
572,2.67053989113
573,2.38251173854
574,2.66440693742
575,2.70150450384
576,2.72427728385
577,3.47928174233
578,2.56015345426
579,3.08894098577
580,3.18944617353
581,2.84888205424
582,2.76248044299
583,2.7599570138
584,3.06997499682
585,2.83355593509
586,3.43995912575
587,2.63316502593
588,3.03086119574
589,2.92684382688
590,2.66723656018
591,3.37526749412
592,3.18127229664
593,3.06428483232
594,3.04150952432
595,2.80216321012
596,2.79308440471
597,3.4662753185
598,2.81958184867
599,2.86488996525
600,2.36965541958
601,2.97152904604
602,2.44298433106
603,2.85017244041
604,2.92325932927
605,3.93782118351
606,2.77521841143
607,2.90007607424
608,2.38679655799
609,3.18276797903
610,3.04855860024
611,3.34132782549
612,2.54082586494
613,2.90159168722
614,3.02161754281
615,3.26913272207
616,2.95960934434
617,3.56209361331
618,2.69736003098
619,3.00170894806
620,3.08739903718
621,2.67280325566
622,3.48720972264
623,3.18451208219
624,3.7905055568
625,3.00940774195
626,2.90195562337
627,2.80467231451
628,3.00744071829
629,2.96866296205
630,3.1290630226
631,2.61699134983
632,2.66059653654
633,3.67181239719
634,2.8356461026
635,3.65589508799
636,3.52251049548
637,2.70310632704
638,2.7543413743
639,2.03871047945
640,2.29837258325
641,2.79909640026
642,3.11787968549
643,3.46210843156
644,2.29868053534
645,3.05773868851
646,2.91910702065
647,2.55373290258
648,2.89649746275
649,2.37583538128
650,2.9892132592
651,3.12199355888
652,2.86451802786
653,2.63621519697
654,2.83020621481
655,2.76113564444
656,2.16952588953
657,2.9166542307
658,3.08046618811
659,2.62476377263
660,2.83474066918
661,3.31697248715
662,2.90848016845
663,2.84385939569
664,3.14734712725
665,2.91046732938
666,2.37601223355
667,3.25803806243
668,2.9028149571
669,2.66685927314
670,2.3459536067
671,2.95456968083
672,2.98481435512
673,2.59201157417
674,0.949594384513
675,2.31004201166
676,2.88039640839
677,2.81634899256
678,2.79936464214
679,3.04483406072
680,3.1040996222
681,2.57802498367
682,3.31953544756
683,2.50269596464
684,2.85869483008
685,2.82488807929
686,2.95881692355
687,2.76181905772
688,2.73866245584
689,2.63701337744
690,3.6265284981
691,1.95826090202
692,2.88765338362
693,2.73813079874
694,3.71920532491
695,2.974266429
696,3.18028295011
697,3.26433139808
698,2.54005843077
699,2.38788073746
700,3.59719817259
701,3.10979948344
702,3.30585565735
703,2.80224052402
704,3.08566981769
705,2.96521946287
706,3.09293962411
707,2.87533544344
708,3.115220258
709,2.82291016234
710,2.37186601388
711,3.22343798668
712,3.26299235719
713,2.92676605517
714,2.72528422032
715,2.730431763
716,2.61109386235
717,2.71943359996
718,2.61663269019
719,2.95733914167
720,3.02173568529
721,1.87107220057
722,2.65912044478
723,2.09165183434
724,2.49108025623
725,3.061786169
726,3.03852931088
727,3.24737157475
728,2.87388629276
729,2.49744456284
730,2.03210057016
731,3.02113178563
732,3.43093193421
733,2.86998248076
734,3.07620256566
735,2.98676151338
736,2.9174143961
737,2.64931714979
738,3.22021076832
739,2.92748224761
740,2.77930269287
741,2.83180433121
742,3.00343074338
743,3.05626696792
744,2.94739184248
745,2.80386331281
746,2.99871543557
747,2.96620130191
748,2.49757394869
749,3.13158718817
750,2.64553906521
751,1.43212822023
752,3.45428983916
753,2.87515286952
754,2.70472285164
755,2.97545813687
756,2.93121388579
757,2.87747683241
758,3.07173014914
759,3.36755181687
760,2.41603961674
761,2.98699320621
762,3.05810462889
763,3.43101093768
764,2.59668220152
765,3.33873572696
766,2.75909482264
767,2.90591067833
768,3.29817245656
769,2.75999698946
770,1.96700595645
771,3.24229080556
772,2.43715548393
773,2.57410188086
774,3.56508469438
775,2.88656583615
776,2.86931939303
777,3.20197743078
778,2.80981335413
779,2.07126301968
780,2.74381589864
781,2.33628121336
782,3.11419267181
783,3.03702721207
784,3.32455709269
785,2.50343819692
786,3.05794691909
787,1.84425872665
788,2.72844303866
789,2.78227334815
790,2.96522491036
791,2.8905916639
792,2.89381951633
793,2.88419035095
794,3.0364579201
795,2.97491057268
796,3.10956196533
797,3.09830807476
798,2.59433287873
799,2.79485792089
800,2.34409926801
801,2.94126348934
802,3.05013404223
803,2.65582975962
804,2.49722010605
805,2.86126429707
806,2.79143821419
807,2.51249372824
808,3.36242736279
809,2.8715004419
810,3.03660332695
811,2.73556610594
812,3.03234577055
813,2.5995675945
814,3.86745897675
815,2.7434565877
816,2.8688998245
817,3.00084094333
818,2.54596441319
819,2.7533632179
820,3.35723191173
821,2.94076262983
822,3.02333319941
823,2.98025055022
824,2.16108139043
825,3.29783510369
826,2.92250565174
827,2.98924747722
828,3.31340386498
829,2.9458976599
830,3.20487988944
831,2.9047267968
832,2.67398510004
833,2.83737860379
834,3.73468887736
835,3.95625831544
836,3.00131122696
837,3.10110231818
838,3.43739466947
839,3.02355746351
840,3.20148891596
841,2.9991459046
842,2.66525542776
843,2.52801132795
844,3.15065689171
845,3.20445668943
846,2.82359049583
847,3.02957970073
848,3.15616365932
849,2.71600737643
850,2.43749206862
851,3.05110348085
852,3.22431197682
853,2.42229246027
854,2.80895260233
855,3.03865102302
856,3.20956633509
857,2.63748793746
858,2.54660497397
859,3.10434240158
860,3.40174299657
861,2.53482411647
862,2.75856124144
863,2.48313124874
864,3.37842805492
865,2.54290711011
866,2.80228351176
867,3.24773165236
868,3.19671938629
869,2.71020143401
870,2.86489987033
871,2.79361925202
872,2.27061058195
873,2.22569151412
874,2.32206831534
875,1.52704227538
876,3.28521286412
877,2.93332631526
878,2.8190405354
879,2.29848426691
880,2.78182775914
881,2.37161575157
882,2.30184686074
883,2.94379409736
884,2.87432803691
885,3.00740824031
886,2.99340485587
887,2.46657289621
888,3.36256115431
889,2.74411305177
890,3.26949723485
891,2.22068101869
892,2.46689745378
893,2.87738171741
894,3.13690279749
895,3.03329336356
896,2.80306107674
897,3.09086109427
898,2.66882794215
899,2.82660354725
900,3.25852932142
901,2.79056831424
902,3.29355506445
903,2.33220441508
904,2.75990389579
905,3.95929468956
906,3.53233720158
907,2.12143897806
908,2.76220430051
909,2.89666440967
910,3.14386114067
911,2.74228275451
912,2.93263645629
913,2.36154204231
914,3.04525733968
915,2.99838189417
916,3.17937608513
917,3.23857598478
918,2.56106900159
919,2.78028417538
920,2.75356302467
921,2.97909113581
922,3.04289305255
923,3.2196912494
924,2.75778097011
925,2.22729184071
926,2.44772267702
927,3.09628103584
928,3.10350587527
929,3.09015651201
930,2.5455074362
931,2.52469797731
932,2.7586933458
933,3.14730095357
934,2.657234336
935,2.7616285362
936,2.7545430175
937,3.09160972654
938,3.12191547893
939,3.49780847657
940,2.80204063501
941,2.86570114256
942,2.84775984596
943,3.30675658548
944,2.57510420818
945,3.25390803782
946,2.95117054636
947,2.81839791038
948,2.61521162571
949,2.42774244864
950,3.10580826656
951,2.90122271823
952,2.8776605001
953,2.03812251286
954,2.51101215207
955,3.33668029845
956,3.03383897533
957,3.01590325198
958,2.72354824548
959,3.37981910293
960,3.23559121019
961,2.8675521025
962,2.78469730443
963,3.18324151881
964,2.83561933263
965,4.02075077923
966,2.9711866572
967,3.31582222386
968,2.69333060594
969,3.29759791349
970,3.04825599134
971,2.74132839792
972,3.25367963347
973,2.33098273195
974,2.61954083094
975,3.49229222482
976,2.86683211105
977,2.83860164712
978,3.31121826351
979,3.00951516667
980,3.06427414756
981,2.50134759548
982,2.67107771579
983,3.20940029185
984,2.91686186197
985,2.85004447465
986,2.98924747722
987,2.82206219602
988,3.04089167491
989,2.70685949469
990,3.12401265879
991,3.3675203132
992,2.74429566928
993,3.26449741524
994,2.87879644551
995,3.0231360882
996,1.96518388482
997,3.16776954729
998,3.05586496849
999,2.61407060393
1000,2.84542263623
1001,2.81838393865
1002,2.7217346915
1003,3.33112776201
1004,3.43360820669
1005,3.22086490612
1006,2.92864575441
1007,3.0258795119
1008,2.46301951607
1009,3.24001315912
1010,2.59070856038
1011,2.48839536518
1012,2.07412474346
1013,2.6011480342
1014,2.82894342444
1015,2.5125984976
1016,3.00887092323
1017,2.36874654851
1018,2.99329716639
1019,2.93569353625
1020,1.61069453422
1021,3.14415484885
1022,2.89282516346
1023,2.95284839297
1024,2.06253236939
1025,3.11912394419
1026,3.22132891979
1027,3.02225016523
1028,2.73932906126
1029,3.14925070471
1030,2.11544190668
1031,3.18979715276
1032,3.17347912369
1033,2.43116323759
1034,3.17047822147
1035,3.36786240791
1036,3.2155457343
1037,3.11751507192
1038,2.72950182672
1039,2.75229589053
1040,2.79654349997
1041,2.62728824276
1042,3.08128074311
1043,2.78316386884
1044,2.88158801111
1045,3.01647220695
1046,2.60957319303
1047,3.17019861376
1048,2.08785579031
1049,3.8328685792
1050,2.98662822758
1051,3.47395197622
1052,3.31913843216
1053,2.74160806939
1054,2.85823522931
1055,3.11925019741
1056,3.38711827921
1057,3.11940227961
1058,2.12767493179
1059,3.3270602072
1060,2.82813543379
1061,3.47147332106
1062,2.68520196062
1063,2.91266688388
1064,3.21492026049
1065,2.88675412539
1066,2.02715985567
1067,2.83928324206
1068,2.50201388147
1069,2.79498613486
1070,2.67589037473
1071,3.69530093435
1072,2.13879078551
1073,2.4207811263
1074,3.65300502799
1075,2.55476182949
1076,2.97421242287
1077,2.93533947818
1078,3.05466309827
1079,3.07031552017
1080,2.92849017263
1081,3.22040154718
1082,3.21628427792
1083,2.84786804807
1084,3.40873847733
1085,3.10416408597
1086,2.68833547137
1087,2.4914021865
1088,3.01257093446
1089,3.54944201148
1090,2.99520813234
1091,3.16926126111
1092,2.72965485082
1093,2.7254690816
1094,3.1815505813
1095,2.80337842664
1096,2.90219612847
1097,3.31836406403
1098,2.68717164185
1099,2.85447120681
1100,2.82930286744
1101,2.88230229763
1102,3.36938614237
1103,3.25140328802
1104,3.0861494168
1105,2.91050731927
1106,2.9635652161
1107,2.91360500816
1108,2.86546540204
1109,3.02579686412
1110,3.14300318593
1111,2.40352925354
1112,3.3446073662
1113,2.75954579875
1114,2.97872690744
1115,3.04886638183
1116,3.65714030276
1117,2.71284430756
1118,2.96487876204
1119,3.41115881004
1120,3.05660331356
1121,3.33408092774
1122,2.76740186201
1123,2.87338660199
1124,3.07853483458
1125,3.45375640412
1126,2.72221292107
1127,2.90563917117
1128,3.19523882418
1129,3.06921411929
1130,2.53232245171
1131,2.3490090033
1132,2.71301820226
1133,3.17443739761
1134,2.44835412538
1135,3.13796082622
1136,3.53540252485
1137,2.47744703527
1138,3.27185150288
1139,2.77773167872
1140,3.5461873735
1141,1.44357483458
1142,3.23212157515
1143,2.59034516188
1144,3.21149192524
1145,2.96981354984
1146,2.90447153625
1147,2.76793684664
1148,2.90688325412
1149,3.01137773574
1150,3.00768050136
1151,2.6153684634
1152,2.51741226726
1153,2.79176421432
1154,2.67755691418
1155,2.36133715425
1156,3.38008658784
1157,2.80574263812
1158,-0.965887853066
1159,3.12566625122
1160,3.07826248756
1161,2.51459936484
1162,2.76410529827
1163,2.81547252204
1164,2.23731771243
1165,2.61214132152
1166,3.22726312212
1167,2.80785404605
1168,3.08846170296
1169,2.7342202591
1170,2.72662498896
1171,2.94356057059
1172,3.26469984999
1173,3.05103786382
1174,3.03997097101
1175,2.93925191468
1176,2.47070387618
1177,2.86836991048
1178,2.74364199942
1179,3.20906961374
1180,2.56220067319
1181,2.01307925944
1182,3.00168704078
1183,3.51413966576
1184,2.93961715543
1185,3.44641868769
1186,2.7778089673
1187,2.80715757305
1188,3.00749403478
1189,3.38952343335
1190,3.28415617263
1191,2.25621161062
1192,2.19402800294
1193,3.43296185239
1194,2.4629253833
1195,2.82067415487
1196,2.92370061616
1197,2.85458828653
1198,1.6618265756
1199,3.23165188106
1200,2.9318346976
1201,2.60454736393
1202,2.37064105319
1203,2.30843102046
1204,3.21701038694
1205,2.9108884405
1206,2.40754048423
1207,2.42714797547
1208,1.86761665675
1209,2.80647740001
1210,2.3971896151
1211,2.68201351298
1212,2.88507176793
1213,3.04151359104
1214,2.8185784461
1215,2.22214287984
1216,3.08366587057
1217,3.11319401814
1218,2.97880947288
1219,2.86175208342
1220,2.66703253377
1221,2.0170931714
1222,2.35331307042
1223,1.91838449293
1224,2.98192195127
1225,2.72466452274
1226,2.63091435861
1227,2.89974932196
1228,2.79208587019
1229,3.21550643257
1230,2.92364589729
1231,2.52902783907
1232,2.63476354062
1233,2.27476673542
1234,3.84283949731
1235,2.50147841703
1236,2.44683819031
1237,2.685498844
1238,3.58004026116
1239,2.35999903776
1240,2.7625753945
1241,3.54155153828
1242,3.03430215696
1243,2.02691383691
1244,2.76107725046
1245,2.97994879799
1246,2.53755250249
1247,2.75783648481
1248,3.21367112435
1249,2.77943242838
1250,3.63320046904
1251,2.81313000248
1252,2.68269815266
1253,2.8706378939
1254,2.65847878265
1255,3.09456362895
1256,3.60635834454
1257,2.60581176444
1258,3.15794552616
1259,3.23735051245
1260,2.94231302893
1261,2.70387402357
1262,2.89443078341
1263,2.92894373141
1264,2.97402936478
1265,2.87897397936
1266,4.00070586098
1267,3.17944907718
1268,3.10315542312
1269,3.0402941197
1270,3.12552638284
1271,2.8413930288
1272,2.92498482308
1273,2.87628992905
1274,2.61126023
1275,3.07551238185
1276,3.63820470533
1277,2.91919961555
1278,2.69724882304
1279,2.94591874807
1280,2.68602910257
1281,2.9962472724
1282,3.20836589588
1283,3.19661977372
1284,3.23321433522
1285,2.97373634767
1286,3.81715461133
1287,2.53975941149
1288,2.74542542246
1289,2.69768058612
1290,2.85244421842
1291,3.24454989099
1292,3.07738054176
1293,3.22252102846
1294,2.73539737825
1295,2.61160727015
1296,2.81263632759
1297,2.61451536794
1298,3.42426896515
1299,3.08563688962
1300,3.13619993022
1301,3.03936258068
1302,2.70271261257
1303,2.7069674851
1304,2.34905928654
1305,3.16709007779
1306,3.19766023245
1307,2.48201307038
1308,2.94527524811
1309,2.70886022755
1310,2.85597257807
1311,2.91110379402
1312,3.47589152937
1313,3.5569732863
1314,3.04914564768
1315,2.9626259262
1316,3.03896293986
1317,2.39620952363
1318,3.08885790086
1319,2.16272673803
1320,3.03449823876
1321,2.83832299268
1322,3.31994499522
1323,2.57791983953
1324,2.97642815053
1325,2.90933158375
1326,2.896162944
1327,2.57087387289
1328,2.56143072952
1329,3.70013893085
1330,3.06957416622
1331,2.77809428364
1332,3.11585122806
1333,2.66278713986
1334,3.21519308422
1335,2.77618576497
1336,3.55610655296
1337,2.53680115064
1338,3.07812273941
1339,2.15417584613
1340,2.87488004388
1341,3.28563698499
1342,3.08165656156
1343,2.33400515009
1344,3.46720247129
1345,2.85100883173
1346,3.03537812537
1347,2.80964253218
1348,2.55137298179
1349,2.69815969488
1350,2.91701544383
1351,2.46698876669
1352,2.95981351822
1353,2.75144298588
1354,3.1941340661
1355,2.93222124685
1356,3.54700539205
1357,3.75066715918
1358,3.04494916128
1359,3.01098648685
1360,2.48790060215
1361,2.65634015651
1362,2.69860770703
1363,2.64650321797
1364,2.77058048267
1365,2.87223291771
1366,2.01714221296
1367,3.55346873765
1368,2.94052610661
1369,2.56176977971
1370,3.24667940312
1371,2.62351365285
1372,3.36368030333
1373,3.47824103542
1374,2.97407965286
1375,2.65709969654
1376,2.99714114565
1377,2.9427332213
1378,2.88448664415
1379,2.87227395128
1380,3.39079283794
1381,2.87935286593
1382,2.9367295168
1383,2.69753786084
1384,2.36814964005
1385,2.89995242568
1386,2.31371088297
1387,3.66041396766
1388,2.89612703513
1389,1.88856275186
1390,3.04009126433
1391,3.17449356146
1392,2.52497905632
1393,3.03653889803
1394,3.17523464859
1395,2.90013344928
1396,2.78416593081
1397,2.99801591282
1398,2.93554399035
1399,2.99850708115
1400,2.66860145983
1401,3.09181301917
1402,2.69560453687
1403,2.65652107186
1404,2.94469046325
1405,2.48286577001
1406,2.84549159195
1407,2.7636595931
1408,2.65754222997
1409,3.17316920544
1410,2.37779640586
1411,3.28478486425
1412,2.4202930631
1413,3.14928965215
1414,3.15492414263
1415,3.3931094079
1416,2.71880475831
1417,2.98550350067
1418,3.17462271854
1419,2.22320865326
1420,3.1171576361
1421,2.84782101266
1422,3.01903097659
1423,3.39936631536
1424,2.9240785947
1425,3.06074288949
1426,3.18268422994
1427,2.91032737858
1428,2.49315756748
1429,3.32041790396
1430,2.79946559297
1431,3.20756040537
1432,2.88016382534
1433,2.37621430588
1434,2.80399001409
1435,3.129796999
1436,2.16214552867
1437,3.26545547444
1438,2.92530241627
1439,2.66316400336
1440,2.69431020937
1441,2.77179598644
1442,2.83031164321
1443,2.6467961652
1444,3.76405197409
1445,2.84139042198
1446,3.40011446111
1447,3.64679152372
1448,2.94323486389
1449,2.93885508632
1450,3.24131826895
1451,2.61890902487
1452,3.18033105753
1453,3.40110993069
1454,2.65911177083
1455,2.54315720239
1456,3.73583784275
1457,3.30592275734
1458,3.10711171339
1459,2.88084490013
1460,3.40360573728
1461,2.73234297987
1462,3.05433163433
1463,2.93958419022
1464,3.30427179133
1465,3.18894006291
1466,2.47579789785
1467,3.0130636834
1468,2.95459714081
1469,2.88913916176
1470,2.90515308266
1471,3.21515018287
1472,2.80723718793
1473,2.68037896006
1474,2.48144994747
1475,2.58788208737
1476,2.80985590477
1477,3.30112246207
1478,3.16507759715
1479,2.29750070344
1480,2.38348668937
1481,2.85844998241
1482,2.88128080899
1483,4.04971871789
1484,2.14561846338
1485,2.63855889266
1486,2.50651837926
1487,2.40129996931
1488,2.96359406782
1489,3.31164579079
1490,3.17278174563
1491,3.22512778609
1492,2.76790042144
1493,3.1357640007
1494,3.3873286309
1495,2.40391282667
1496,2.81599004744
1497,3.15356534657
1498,2.51947830852
1499,3.09706024644
1500,2.94224908287
1501,3.20259432093
1502,2.94383321744
1503,2.80628597142
1504,3.1375049101
1505,3.09864739002
1506,3.20760954836
1507,2.35105009501
1508,2.06130945211
1509,2.82066549401
1510,3.52542375423
1511,2.568568336
1512,1.9742844077
1513,2.90662602715
1514,3.15291715302
1515,2.96159195947
1516,3.93721189314
1517,2.4182426769
1518,2.60334708024
1519,2.50010033559
1520,2.65155772011
1521,3.0651007627
1522,2.92718378029
1523,3.14589831471
1524,2.94411817337
1525,3.01351330145
1526,2.50223595275
1527,2.94873200763
1528,2.88856829321
1529,3.47964087104
1530,3.19357412627
1531,2.75136868489
1532,2.77653381431
1533,2.51139890333
1534,2.45551555496
1535,2.95908954544
1536,2.35780140426
1537,3.16074287284
1538,3.22117638094
1539,2.97899070011
1540,2.84742127835
1541,3.58126363606
1542,2.83719533542
1543,3.07030093961
1544,2.83373278621
1545,2.20363410646
1546,2.86837318129
1547,2.58644795622
1548,3.30193024593
1549,2.81633349469
1550,3.11256292551
1551,3.01753940624
1552,2.84288978781
1553,2.94821149538
1554,2.79558355195
1555,2.27154536585
1556,3.08924826285
1557,2.36837152104
1558,3.09394511184
1559,2.58444925452
1560,2.90128584512
1561,2.65358632652
1562,3.22857755971
1563,2.96959813906
1564,2.65986038481
1565,3.27406545591
1566,3.29227837357
1567,3.14195634781
1568,2.88962496847
1569,2.82499204922
1570,3.30682793146
1571,2.61289588856
1572,2.27129340062
1573,3.00975403494
1574,3.5570388579
1575,2.30730388201
1576,2.56221675753
1577,2.84211346164
1578,2.91399297342
1579,2.54283730189
1580,3.06012706544
1581,2.65449575601
1582,2.83920376068
1583,3.59344685596
1584,2.93297572082
1585,2.88797964955
1586,3.23572809781
1587,2.39305774792
1588,3.24931773128
1589,3.22810158311
1590,3.40178997163
1591,2.91044810734
1592,2.59661962163
1593,3.27376846607
1594,2.53503222756
1595,2.79151458536
1596,2.73756703424
1597,2.64600719046
1598,3.07737312696
1599,2.90531043762
1600,3.42237243477
1601,3.03759592302
1602,2.90177567809
1603,3.29742246051
1604,2.85971479985
1605,2.7548792507
1606,2.96919410017
1607,2.4407569898
1608,2.93035278157
1609,2.57237711976
1610,2.75216751201
1611,2.72780000298
1612,2.64936271457
1613,3.21462361339
1614,2.75314109187
1615,3.09198416357
1616,3.73512881621
1617,3.82313136597
1618,2.94056907943
1619,2.58409595504
1620,2.61532388205
1621,2.8668221226
1622,2.74897126914
1623,2.87311526411
1624,2.64069540582
1625,2.62695556034
1626,2.86539393158
1627,3.07060962443
1628,3.06425341036
1629,3.17354841311
1630,2.8686791141
1631,2.7612244023
1632,2.77122975611
1633,2.17845095853
1634,2.0566515174
1635,2.47495968481
1636,3.08676483824
1637,3.4100862132
1638,2.99023600224
1639,2.47070929501
1640,2.98924747722
1641,3.59743658859
1642,2.97377103577
1643,2.8174192342
1644,3.478589091
1645,3.25578818214
1646,3.09477302832
1647,2.82007429453
1648,2.70942895974
1649,2.6408702171
1650,2.69118621821
1651,2.62708872053
1652,2.87032891357
1653,2.92163458523
1654,3.00907369399
1655,2.78084492812
1656,2.66192869443
1657,2.63823186285
1658,3.23048338484
1659,2.72702957569
1660,2.78528174015
1661,3.04372676291
1662,3.36173500147
1663,3.31515103697
1664,3.55606377295
1665,2.93263756115
1666,2.79647094661
1667,3.40495661198
1668,2.73749990092
1669,3.04761667375
1670,3.04687422324
1671,3.2658122251
1672,3.07161170033
1673,2.72737193995
1674,2.84414645373
1675,3.55304605262
1676,2.73973233307
1677,2.45900356827
1678,3.0130339022
1679,2.48659400532
1680,2.97274989683
1681,2.92241195627
1682,2.67821128444
1683,3.18615554044
1684,2.56731296405
1685,3.03481481203
1686,2.45339557493
1687,2.80187563315
1688,2.56895478366
1689,3.24859367267
1690,2.89253811752
1691,2.98386136766
1692,3.10486397765
1693,2.69235660257
1694,2.99864846273
1695,3.03284912088
1696,3.01023043724
1697,2.59055445499
1698,3.08427823081
1699,2.90029897916
1700,2.61050064603
1701,3.09562956247
1702,3.08192583253
1703,2.63379783016
1704,2.93741158319
1705,2.42064984161
1706,2.80251550312
1707,2.95629238928
1708,3.27445556561
1709,3.11035276611
1710,2.2247249503
1711,2.61588827209
1712,3.00999662015
1713,2.87527624359
1714,2.53994429067
1715,3.02718218781
1716,3.16231196571
1717,3.08324270953
1718,2.58865168768
1719,2.95828521131
1720,2.53467756676
1721,2.82999838469
1722,2.94494909796
1723,3.23274596664
1724,2.54644744935
1725,3.0170500469
1726,3.0618304924
1727,2.63843153388
1728,2.99587654103
1729,2.54372323433
1730,3.33059932654
1731,3.44096924913
1732,3.6509326424
1733,3.02288147103
1734,3.33882039291
1735,3.27905965556
1736,2.76178337881
1737,3.0990576015
1738,3.00078690313
1739,3.53510023711
1740,3.02188471913
1741,3.20199617157
1742,3.02385188006
1743,3.49866794948
1744,2.74115203658
1745,2.91377718398
1746,2.58418444906
1747,3.01109487011
1748,1.96650172173
1749,2.43332135307
1750,2.44314203164
1751,2.74575349483
1752,3.06014867385
1753,2.64835794301
1754,2.04190319699
1755,2.99084353907
1756,2.70536204849
1757,2.99931519677
1758,2.86713089342
1759,2.94954151369
1760,3.17876618467
1761,2.70141901936
1762,2.7762373811
1763,1.97678841136
1764,3.22763719319
1765,2.73145695814
1766,2.8636486265
1767,2.27078882419
1768,3.23954588071
1769,2.74330305726
1770,3.40693168132
1771,1.8559005512
1772,2.36461532636
1773,2.97759531101
1774,2.88797964955
1775,3.18779986246
1776,2.79914358692
1777,2.89414690136
1778,3.26679041914
1779,3.43258711833
1780,3.68966826592
1781,3.45941984557
1782,3.05200201209
1783,3.2359315497
1784,2.84682006995
1785,2.90422504016
1786,3.03332895429
1787,2.81624216697
1788,3.04502455213
1789,2.43159255527
1790,2.62798680055
1791,2.66368983999
1792,2.79880287307
1793,1.95262353724
1794,3.51036171696
1795,2.26678508571
1796,2.88224485811
1797,2.50756143345
1798,2.63790290006
1799,2.92701116072
1800,2.71155001984
1801,3.0153444136
1802,2.6059885401
1803,2.9756968049
1804,2.80179510736
1805,2.96153767146
1806,2.43767695166
1807,2.26676381344
1808,3.07254368778
1809,2.88505985359
1810,2.9471330974
1811,2.93587087774
1812,3.13062329537
1813,2.91083130377
1814,3.08864493388
1815,3.071465935
1816,2.94916407534
1817,3.3697764573
1818,3.35897542766
1819,3.43503785031
1820,3.16365748354
1821,2.71203602584
1822,2.7584343075
1823,2.9295153332
1824,3.58183254439
1825,1.87120956568
1826,3.03042958878
1827,3.83080280611
1828,2.43797148081
1829,2.94955189127
1830,3.04514094307
1831,2.5572864515
1832,3.518292879
1833,3.40442012962
1834,2.41522378092
1835,2.26334188066
1836,2.70987729548
1837,2.99993160313
1838,2.96430310801
1839,2.34271772083
1840,2.70975096074
1841,3.17257598789
1842,2.85066605731
1843,2.4343737949
1844,1.61400336455
1845,2.18302230816
1846,2.53744358454
1847,3.00503481408
1848,2.88797964955
1849,2.78708258061
1850,2.46658402409
1851,2.98074119891
1852,3.02448830404
1853,2.95275243744
1854,2.66124822906
1855,3.16913911596
1856,2.86832115417
1857,3.32915546133
1858,2.67573281226
1859,2.8418942423
1860,2.60421943739
1861,2.47789313718
1862,3.20327538633
1863,2.58955174823
1864,2.48003702028
1865,3.4289565764
1866,3.01341418755
1867,2.97672702136
1868,2.91313011212
1869,3.03230303601
1870,2.94016948547
1871,3.1330646768
1872,3.19942704322
1873,2.68598166454
1874,3.11265988001
1875,2.82669996624
1876,2.95983595755
1877,2.50287980802
1878,2.78430954975
1879,3.12092959022
1880,3.0316013766
1881,2.62663746089
1882,2.91696405061
1883,3.17223967709
1884,2.9934178443
1885,2.41180817972
1886,2.42243398996
1887,2.93013833371
1888,2.86937531893
1889,3.25827415905
1890,3.0287613035
1891,2.90688325412
1892,2.74587358717
1893,2.9637587731
1894,2.94469046325
1895,2.15639222731
1896,2.47608277716
1897,2.5212673987
1898,2.69573427503
1899,2.470446216
1900,2.4578240357
1901,2.65325881449
1902,3.15104937449
1903,2.202399927
1904,2.90688325412
1905,3.29833078262
1906,2.43546761655
1907,3.53905976426
1908,2.48496522903
1909,3.41372366255
1910,3.29011224065
1911,2.70499447894
1912,3.0247407229
1913,2.66169610418
1914,3.30422582431
1915,2.84435931887
1916,2.68572173915
1917,2.91905992912
1918,3.2915177659
1919,2.90688325412
1920,2.37705509194
1921,2.88777634676
1922,2.88148847942
1923,3.28966091927
1924,2.78382767064
1925,3.01309289884
1926,2.77103005768
1927,3.06107475699
1928,2.54306404532
1929,3.80773640513
1930,2.92840090889
1931,2.70537800396
1932,2.28046044159
1933,2.49354792792
1934,3.05374998859
1935,3.26176332218
1936,3.27007770672
1937,3.13895959744
1938,3.04934938368
1939,1.68630293735
1940,3.13165107655
1941,3.45320684884
1942,1.85425772257
1943,2.78828828744
1944,3.17253257013
1945,2.75123681078
1946,2.52824702749
1947,3.21179340936
1948,2.85423388587
1949,3.17362055833
1950,3.03076506952
1951,3.57231859953
1952,2.72873549504
1953,3.06879684755
1954,2.8685686951
1955,2.46663979372
1956,2.75304743679
1957,2.90322607203
1958,2.46834560138
1959,3.20174832553
1960,2.91468071003
1961,3.63539489397
1962,3.22524322906
1963,3.10608267306
1964,3.38970226691
1965,2.70536511711
1966,3.10328656546
1967,2.8059196951
1968,3.02194843431
1969,2.92388810428
1970,3.06837684184
1971,2.96750806124
1972,2.81662035912
1973,2.88797964955
1974,3.34196685518
1975,3.0488065011
1976,2.83812342609
1977,3.6996912507
1978,3.12511534395
1979,2.64083097731
1980,3.19073803559
1981,2.90576316862
1982,2.36428630781
1983,2.89051030669
1984,3.02665896466
1985,2.34623608675
1986,2.87074338652
1987,2.02409493744
1988,2.93861951191
1989,3.41342592682
1990,2.93212160556
1991,2.86139423744
1992,3.20188544636
1993,3.21166167622
1994,2.55021097324
1995,2.830527202
1996,2.541049079
1997,3.07223601056
1998,2.92475614124
1999,2.98305314858
2000,2.96791318163
2001,2.77787725112
2002,3.14001110043
2003,2.92267059097
2004,2.94073855372
2005,3.04739585757
2006,3.19228160673
2007,2.99099493999
2008,2.82270185086
2009,2.68124270893
2010,2.93675376802
2011,3.11139505007
2012,2.99209947346
2013,2.81196674706
2014,3.04576147914
2015,3.08038966085
2016,3.21092107636
2017,2.87765928
2018,3.11279381189
2019,2.72232541469
2020,3.79426959307
2021,2.60558618784
2022,2.40194366595
2023,3.44326095033
2024,2.61042615174
2025,2.61046915859
2026,2.96938072003
2027,3.09537654696
2028,2.58981454888
2029,3.01085703966
2030,2.95028619452
2031,3.3996223305
2032,2.93525145286
2033,2.96833094372
2034,2.86570114256
2035,2.83496120393
2036,3.07790064538
2037,2.69237691377
2038,2.70943070843
2039,2.41597748854
2040,2.62871065187
2041,3.04470294187
2042,3.28413537921
2043,3.04184442884
2044,2.96120254921
2045,2.75168646144
2046,3.15888219747
2047,2.76388622202
2048,3.21932416342
2049,3.04914596875
2050,3.09118401219
2051,3.24164032299
2052,2.71984368788
2053,2.99972634762
2054,2.56566896165
2055,2.76169173957
2056,3.46887419692
2057,3.23553873915
2058,2.30644731291
2059,2.96166991431
2060,3.12481246557
2061,3.06183787847
2062,3.16413946138
2063,2.90265637313
2064,2.72522479142
2065,3.20458204157
2066,2.48644694222
2067,1.9264387938
2068,3.09410136733
2069,2.04106184147
2070,3.23439468098
2071,2.98345828633
2072,3.91263677131
2073,2.98195479265
2074,2.75089039531
2075,3.47013119969
2076,2.45274020625
2077,3.49819531189
2078,3.08299183793
2079,2.21669867472
2080,2.70572414975
2081,2.89001445605
2082,2.86800947635
2083,2.98601328332
2084,2.21284595057
2085,2.59324955887
2086,2.93030562469
2087,2.85208561079
2088,3.59464616983
2089,2.32868782565
2090,2.13137447483
2091,3.16308168104
2092,3.08764497638
2093,3.09569480284
2094,2.70120396668
2095,2.45337066693
2096,2.44981051167
2097,3.08549677834
2098,2.60829837299
2099,3.31226439585
2100,2.95507573805
2101,2.80446622664
2102,3.63377577459
2103,1.94365875617
2104,2.88315319319
2105,2.90369885278
2106,2.92069228126
2107,2.69669352486
2108,3.02056874101
2109,2.77778411005
2110,2.88548543205
2111,2.81731879737
2112,3.01104296866
2113,2.53203744818
2114,2.96393477786
2115,2.88618740839
2116,3.0181230965
2117,2.04814388477
2118,3.02415813237
2119,2.87936000101
2120,3.14609067283
2121,2.59561980665
2122,2.63833600513
2123,3.22190616416
2124,2.88560304745
2125,2.99609122967
2126,3.31428051421
2127,2.88776161985
2128,2.31422471778
2129,3.11200145185
2130,2.75954672698
2131,2.91692530385
2132,3.2015293496
2133,3.34535730023
2134,2.13137344524
2135,2.88446825852
2136,3.64872621048
2137,2.99916308912
2138,2.46931560352
2139,2.7374419392
2140,2.98169141363
2141,2.95345165304
2142,2.8021968752
2143,3.06145501706
2144,2.89420695197
2145,3.36207326665
2146,2.79745399804
2147,2.87018208511
2148,2.8000312306
2149,3.10817058682
2150,2.58718617005
2151,2.95394884103
2152,2.89277957597
2153,3.1422152378
2154,2.84554360958
2155,3.05929673061
2156,2.1257522935
2157,3.69871638086
2158,3.01844165219
2159,2.77798259801
2160,3.1695052888
2161,2.96606891676
2162,2.96866479094
2163,2.70385835124
2164,2.58783139636
2165,2.80104700264
2166,3.02546279033
2167,3.11731031102
2168,2.9017511121
2169,2.23564612131
2170,3.93681672123
2171,2.79543300918
2172,3.24730085787
2173,2.68934358448
2174,2.58918492453
2175,2.81225992682
2176,2.13951763907
2177,3.55688237913
2178,2.41917241443
2179,3.00237357297
2180,3.07244607681
2181,3.55602155443
2182,3.11145686014
2183,2.95601964662
2184,2.89114234512
2185,2.51878023728
2186,2.34904953063
2187,3.34237557333
2188,3.18212228243
2189,2.92936369238
2190,1.53460678141
2191,3.23520476082
2192,2.90618801323
2193,2.63604341344
2194,2.9604778001
2195,3.07054817662
2196,2.97448880492
2197,2.82991691903
2198,2.82319041843
2199,3.0618636733
2200,3.09462955893
2201,2.28580206269
2202,2.8751030292
2203,3.34095795181
2204,2.63080912907
2205,2.72887643981
2206,3.12129181679
2207,2.15435133812
2208,2.90629021614
2209,3.38335264408
2210,2.53839248149
2211,2.84979621853
2212,3.08780856629
2213,2.54270745866
2214,2.8991106811
2215,2.40149893911
2216,2.90828868885
2217,2.79536091517
2218,2.88089577921
2219,3.41027702542
2220,3.20169861123
2221,3.20346193813
2222,3.18349794446
2223,2.92708031906
2224,2.65300291946
2225,2.41586116128
2226,4.1505738716
2227,2.02031390429
2228,2.68964527705
2229,2.85835776554
2230,2.75575521941
2231,3.0156251283
2232,3.58736735229
2233,2.95181145197
2234,3.09493857745
2235,2.63816893037
2236,2.90674336227
2237,2.81829650842
2238,2.91771660682
2239,2.81512700198
2240,3.10548316572
2241,2.88489089683
2242,3.03285409115
2243,3.07518024798
2244,2.99096017151
2245,2.74924711702
2246,3.23214409891
2247,2.5949411412
2248,2.9289383665
2249,3.55989713602
2250,2.77853314332
2251,3.26289984619
2252,2.82195388539
2253,2.84014256604
2254,2.57220136673
2255,3.17226063741
2256,2.71693523609
2257,2.79026661194
2258,2.38724862291
2259,2.95459714081
2260,2.61996653916
2261,3.14618399721
2262,3.4083625731
2263,2.87434017987
2264,2.83241269944
2265,2.92364927047
2266,2.85143460666
2267,2.56637919628
2268,2.94533466744
2269,3.06534085646
2270,1.81850388128
2271,2.88797964955
2272,2.82025190325
2273,3.1189991068
2274,3.37992086645
2275,3.0752645335
2276,3.05634481769
2277,3.42788967855
2278,3.25971200388
2279,2.17399313138
2280,3.42717827271
2281,2.10245445225
2282,3.08921678265
2283,3.42267290638
2284,2.83005909252
2285,3.30223217871
2286,3.02705468636
2287,2.84742435001
2288,2.92241195627
2289,2.90903760792
2290,3.20778448139
2291,3.03164553338
2292,2.88460474713
2293,3.34256561079
2294,2.82943388563
2295,2.94863678425
2296,2.80639468664
2297,2.60058345748
2298,2.55026910881
2299,2.76010725276
2300,2.35829625728
2301,2.84365848282
2302,2.73482650589
2303,2.96106368907
2304,3.24181702821
2305,3.51401876455
2306,2.96067037772
2307,2.9800792702
2308,2.9536846004
2309,3.05442926613
2310,3.06779345124
2311,3.01456262804
2312,3.00033888373
2313,2.853402388
2314,3.04098484763
2315,3.13498540554
2316,2.23623246764
2317,2.32894128557
2318,3.7204369471
2319,2.75963741584
2320,3.14194615742
2321,2.69218091413
2322,2.41869767711
2323,3.02999673077
2324,2.75403019959
2325,3.0869642863
2326,2.39176358773
2327,2.83644359515
2328,3.05978480852
2329,2.75397657107
2330,2.99982292755
2331,3.29506900117
2332,2.81397341423
2333,1.02616551751
2334,2.48044054056
2335,3.24056503767
2336,3.18063386138
2337,2.51401832496
2338,2.6040215039
2339,2.72517590962
2340,3.21608660945
2341,3.27234860567
2342,2.66849339634
2343,2.81308498523
2344,2.86904640458
2345,2.73709185025
2346,2.94763415679
2347,3.35106149803
2348,2.4289583704
2349,2.7204679456
2350,2.93856300798
2351,2.52088493559
2352,2.98232049593
2353,2.73547188124
2354,3.21627069324
2355,2.32917666299
2356,2.87048170727
2357,3.13641968646
2358,2.53615148889
2359,2.99240434995
2360,2.15060603624
2361,2.70102515393
2362,2.7609579449
2363,3.16653777268
2364,3.23619805729
2365,2.36920318734
2366,2.97829799401
2367,3.22793996697
2368,2.87354789469
2369,2.67578206579
2370,2.93977006463
2371,3.35785303833
2372,2.94365213972
2373,3.5908823853
2374,3.63501364482
2375,2.7322935439
2376,2.79625307636
2377,3.37404209256
2378,3.37659275784
2379,3.24968198428
2380,2.45044818047
2381,2.76901334245
2382,2.85414534101
2383,3.08061650451
2384,3.22713573788
2385,2.59976046184
2386,2.50124853548
2387,2.96618836014
2388,2.52845298924
2389,2.87200655853
2390,2.85534502428
2391,3.01835006241
2392,2.67232237268
2393,2.82459649012
2394,3.05618005586
2395,2.85989199038
2396,2.59419730893
2397,2.26846848554
2398,3.35158784968
2399,2.76275408881
2400,2.88638065015
2401,2.77046528542
2402,2.23399439444
2403,2.79471449402
2404,3.4188618939
2405,3.8291366381
2406,3.44024198732
2407,3.35990807742
2408,2.97543166133
2409,2.5100722564
2410,2.86570114256
2411,3.6617310266
2412,2.6037358836
2413,2.80691887779
2414,2.8147514742
2415,2.88927858668
2416,2.94469046325
2417,2.80696251773
2418,3.42937429553
2419,2.96890210125
2420,2.38949417686
2421,2.97750370209
2422,2.90103796732
2423,2.2611873767
2424,2.79267440849
2425,2.92196981249
2426,3.35141244702
2427,2.82512424515
2428,2.96549169374
2429,3.18399355678
2430,3.16657556638
2431,2.28716605723
2432,1.66922213503
2433,2.34906577743
2434,4.42606041169
2435,2.80333127656
2436,3.0424393591
2437,3.7275015635
2438,2.9686006311
2439,2.79584668593
2440,2.70718900403
2441,3.74029344676
2442,3.45762115199
2443,2.10576368139
2444,2.44777034428
2445,2.92096722757
2446,3.14104421413
2447,2.26771556489
2448,2.9212620406
2449,2.47086542945
2450,3.14833066937
2451,2.70635126093
2452,2.50026608429
2453,2.90138343268
2454,3.00091982956
2455,2.87874865762
2456,2.28696097948
2457,2.84162065639
2458,3.16897738615
2459,3.08819640929
2460,2.55750313558
2461,3.02250416212
2462,2.80434940711
2463,3.02776002077
2464,3.01821182174
2465,2.54784414022
2466,3.1089092645
2467,2.90450299322
2468,2.50520407596
2469,2.95983330585
2470,2.80650723644
2471,3.11539146399
2472,2.6974652012
2473,2.7388725014
2474,2.96334511255
2475,2.75966131561
2476,2.87426200297
2477,2.58286068027
2478,3.05860335348
2479,2.66667522728
2480,2.99893882738
2481,3.65037831046
2482,2.50691148417
2483,3.32987719593
2484,2.50806630242
2485,2.99878009323
2486,2.1902732839
2487,2.80726759228
2488,2.95445801708
2489,2.64573744696
2490,2.5626277432
2491,2.58185249738
2492,2.82818536258
2493,2.91477692254
2494,3.08774487399
2495,3.16014591977
2496,2.79184195273
2497,3.02046223653
2498,3.01004467131
2499,2.7230981715
2500,2.50645636244
2501,2.8717448129
2502,3.47647008342
2503,2.90258470461
2504,2.85255741375
2505,2.2560575933
2506,2.85125994661
2507,3.09455715288
2508,2.86924538701
2509,2.72551343929
2510,2.71999576892
2511,3.15271029304
2512,2.84875292757
2513,3.86082533294
2514,3.13088127475
2515,3.33075374938
2516,2.56407123482
2517,2.49962070769
2518,2.61863077927
2519,2.73558647117
2520,3.08811645278
2521,3.07709767476
2522,2.87299115392
2523,2.83418844155
2524,2.84550715182
2525,3.09704550475
2526,2.7482323566
2527,3.24882379626
2528,3.49531884031
2529,2.80689070699
2530,3.02685649247
2531,3.22558218968
2532,2.60713334942
2533,2.65183841983
2534,2.09655457776
2535,2.88443810172
2536,3.19688027712
2537,2.82395036622
2538,2.76627391514
2539,2.20781944556
2540,2.57746026853
2541,3.24235124361
2542,2.5482260753
2543,2.86785068667
2544,3.43163649669
2545,3.49728161698
2546,2.00887481327
2547,2.73547945038
2548,2.82958779737
2549,3.01697795415
2550,3.12222520398
2551,3.4338851547
2552,3.34142471316
2553,2.62116720811
2554,3.15252866542
2555,2.76762014588
2556,2.76765169973
2557,3.47557519
2558,3.63666054535
2559,2.95016992004
2560,3.66606551601
2561,2.45729750546
2562,2.80719649414
2563,2.54030173321
2564,3.14787193381
2565,3.05241923989
2566,3.07076321449
2567,2.41986467553
2568,2.86136564221
2569,3.05428242172
2570,3.16506772012
2571,2.45790479409
2572,3.08105407995
2573,2.26757003044
2574,3.49634285097
2575,2.9373610153
2576,3.26011936819
2577,3.39853519989
2578,2.89966563528
2579,2.80802757517
2580,2.20153299571
2581,2.51063234121
2582,2.27732753293
2583,3.18188759575
2584,2.72406042058
2585,3.23985064065
2586,2.08586787018
2587,2.89324871478
2588,2.7579253655
2589,2.31230067559
2590,2.8213113363
2591,2.14263679215
2592,2.9975288847
2593,2.84601888381
2594,3.07320300249
2595,3.20743572451
2596,3.14886689443
2597,2.82022678302
2598,2.82754658143
2599,2.59118574715
2600,2.84309468916
2601,3.10750264962
2602,3.50616387039
2603,2.83639872845
2604,2.79101455424
2605,3.44991245989
2606,2.70280449018
2607,2.90688325412
2608,3.02673459311
2609,2.85680136541
2610,2.94756444393
2611,2.64921193554
2612,2.57598082853
2613,2.9152223118
2614,3.07691086816
2615,2.50631787608
2616,2.99446028893
2617,2.99492443444
2618,2.89092403649
2619,2.77427037652
2620,3.0048711801
2621,3.071654919
2622,2.46113074993
2623,3.49718743794
2624,2.59969199836
2625,3.36547835207
2626,2.90918247033
2627,3.07098470296
2628,1.78315105528
2629,2.17190038058
2630,4.15742621964
2631,3.30384141087
2632,3.2338176239
2633,2.78583226396
2634,2.81328780883
2635,2.72141874249
2636,2.84851006199
2637,2.89830842316
2638,2.76752544095
2639,2.91025150233
2640,3.17821675801
2641,2.96028824694
2642,2.85811687825
2643,2.83847601341
2644,2.93552282329
2645,2.47155019901
2646,3.26008675992
2647,2.1443989427
2648,2.99750671271
2649,2.98562996254
2650,2.84972147451
2651,2.61916823665
2652,3.12901679588
2653,2.49057049328
2654,2.5447170515
2655,2.52411138926
2656,3.53255239645
2657,3.11875025978
2658,3.49141244626
2659,2.00037466217
2660,3.59161774209
2661,2.41595538067
2662,2.81909377548
2663,2.86508369083
2664,2.52687930833
2665,3.17444007176
2666,2.97607925258
2667,2.74129919565
2668,2.51709368096
2669,2.51474281066
2670,3.66607086907
2671,2.70201520449
2672,2.60718101022
2673,2.90603078862
2674,2.47569024998
2675,2.48679752188
2676,2.80784433788
2677,2.63450758367
2678,2.93499257255
2679,3.09389020732
2680,3.10967754417
2681,3.05212025285
2682,3.12523082665
2683,3.01287652616
2684,3.0828972317
2685,3.29200550813
2686,2.86857101874
2687,2.76785473605
2688,2.4446136358
2689,3.28177382214
2690,3.34857633906
2691,3.15595348505
2692,2.93804295974
2693,2.20047326094
2694,3.04037980262
2695,2.99333224439
2696,2.58084678737
2697,2.697581711
2698,3.28617142876
2699,3.12241331821
2700,2.20977764018
2701,2.62757942032
2702,3.06604515306
2703,2.9622425106
2704,2.86874738822
2705,2.82477771838
2706,3.01096043154
2707,2.72541685531
2708,2.75246744252
2709,2.9115008854
2710,2.90471523935
2711,2.98084645276
2712,3.09304188394
2713,3.04417365506
2714,2.83365071818
2715,2.63204156151
2716,3.15329004472
2717,2.86749200307
2718,2.93510463471
2719,3.07582094954
2720,3.08700626455
2721,2.90688325412
2722,3.08696420395
2723,3.30593469878
2724,2.96592137946
2725,1.87468102756
2726,2.7760099872
2727,2.68691887515
2728,2.94469046325
2729,3.16332474203
2730,3.22641011993
2731,2.96687122533
2732,2.90871584798
2733,3.22942145506
2734,3.10763706153
2735,2.59740049863
2736,2.21828920224
2737,3.18193864622
2738,3.80982225908
2739,2.9663159967
2740,2.84260644678
2741,2.67808490723
2742,2.27713059429
2743,2.66516386864
2744,2.94277405843
2745,2.8178573037
2746,2.57927530907
2747,2.89873386512
2748,2.86466782982
2749,2.7507306397
2750,2.89366476262
2751,3.01802698963
2752,2.94965973749
2753,2.35913813956
2754,2.85024921536
2755,3.76121162056
2756,1.81970878716
2757,3.35683337869
2758,3.07939098189
2759,3.07653433948
2760,2.25081349094
2761,3.07082804219
2762,2.44909622774
2763,3.10732096766
2764,2.94005605177
2765,2.89113652227
2766,2.95139175278
2767,2.96930635167
2768,2.58436501345
2769,2.87627930756
2770,3.01644317346
2771,2.69473059684
2772,2.66475235581
2773,2.66092450689
2774,2.79493656912
2775,2.56195787264
2776,2.94346856858
2777,3.03457183912
2778,3.51067006819
2779,2.8634450731
2780,3.21122787053
2781,2.63298884533
2782,3.1083031306
2783,3.17323402124
2784,2.42725202714
2785,2.91146947677
2786,2.90093235246
2787,3.10206419919
2788,2.36825912426
2789,3.85158705699
2790,2.63146068719
2791,3.31192319079
2792,3.03230513146
2793,2.45021997402
2794,2.68124974912
2795,2.63033250188
2796,2.63120982947
2797,3.61605111199
2798,2.18591247283
2799,2.79541224715
2800,3.14964245269
2801,1.70534675442
2802,2.86570114256
2803,2.95707310425
2804,3.15868298957
2805,3.05841150234
2806,2.90688325412
2807,2.7435165133
2808,2.62952054719
2809,2.61317872808
2810,2.92014471846
2811,3.08345220297
2812,2.86176084768
2813,2.60915036332
2814,3.06916362735
2815,2.9602191654
2816,2.47729749171
2817,2.48413208544
2818,3.27640557915
2819,3.04491518089
2820,2.91002674221
2821,3.08543248315
2822,2.77069359184
2823,2.96507299327
2824,3.2495964501
2825,2.35858272334
2826,2.94090955603
2827,2.37557490077
2828,2.34890439261
2829,3.12479939319
2830,2.74091780055
2831,2.84329819973
2832,3.12870480428
2833,2.69023617951
2834,2.86143042488
2835,3.09122505145
2836,2.87480122573
2837,2.63137449665
2838,2.90024885871
2839,2.82225221871
2840,3.42157516069
2841,2.90404980541
2842,2.52479639272
2843,2.17054828423
2844,3.10122253458
2845,2.85358869852
2846,2.65718979175
2847,2.9496935872
2848,3.30522708772
2849,3.2708065366
2850,2.12733448214
2851,1.988107417
2852,2.30794739535
2853,3.23925930299
2854,3.64047575794
2855,2.70076202816
2856,3.0847215491
2857,2.90984818685
2858,2.68806993971
2859,2.43891550886
2860,2.9037669864
2861,2.92909869474
2862,2.72910399601
2863,3.72072996144
2864,3.01959707065
2865,2.95614883062
2866,3.08521946257
2867,1.48329786015
2868,2.50622867038
2869,2.94591630221
2870,2.92435267596
2871,3.26090884927
2872,2.80869301877
2873,3.47361327321
2874,1.63248136362
2875,3.26940583793
2876,2.63062712976
2877,3.17436019362
2878,2.97022015773
2879,2.59321611676
2880,2.99599706107
2881,2.86754328715
2882,3.5357003899
2883,3.04108276905
2884,2.80460556665
2885,2.31617554434
2886,2.59008197949
2887,3.04012724229
2888,3.20274366599
2889,2.41761993064
2890,2.85012516051
2891,2.66335719457
2892,3.78910386893
2893,3.16941897738
2894,2.51312042061
2895,3.65532574529
2896,2.14007275452
2897,2.64069111281
2898,2.69387753021
2899,3.55573111006
2900,2.72121582946
2901,3.07274932308
2902,3.1727125191
2903,2.8348851275
2904,2.99879277937
2905,2.05476462871
2906,2.95889336971
2907,3.6525962774
2908,2.91351404373
2909,2.45384534692
2910,2.43649287641
2911,3.16854379625
2912,2.94888539349
2913,2.87375471774
2914,3.45034493358
2915,3.00677489517
2916,3.03131142204
2917,2.68842616361
2918,2.50875345502
2919,2.85451952774
2920,2.3615554133
2921,3.050803888
2922,2.17978243013
2923,2.70273393839
2924,3.21103434151
2925,2.83584816765
2926,2.49221583147
2927,2.54594866996
2928,2.32945016379
2929,3.32182373451
2930,2.50733462274
2931,2.53708373176
2932,2.98518222821
2933,3.1309749908
2934,2.64795512483
2935,2.74698473244
2936,2.77752776727
2937,3.25063620957
2938,2.94403818989
2939,2.83917177267
2940,2.30217158739
2941,2.0909231197
2942,3.00029801837
2943,1.79970191747
2944,2.72286747944
2945,2.35731722385
2946,3.08366655002
2947,3.21317184799
2948,3.03330751124
2949,3.23781339904
2950,2.96346566161
2951,3.01018440001
2952,3.30004259013
2953,3.09415225557
2954,3.39128547471
2955,2.58138976611
2956,3.10746394715
2957,3.35862295808
2958,2.816687688
2959,3.20203448733
2960,3.00258016203
2961,2.6038357661
2962,3.07656718048
2963,3.13663034145
2964,2.53677714987
2965,2.97556191078
2966,2.81957980109
2967,3.10502819027
2968,3.25783566426
2969,2.34680457741
2970,3.00559009215
2971,3.11103599563
2972,2.39018250667
2973,2.30735249418
2974,2.76762680614
2975,2.81911696905
2976,3.00731502802
2977,3.55832668122
2978,2.88631016896
2979,2.9519540562
2980,2.55856877396
2981,2.98354035052
2982,3.26377662227
2983,2.04334834435
2984,2.88400148443
2985,2.9761190816
2986,2.47160517917
2987,2.81306400906
2988,3.1170763675
2989,3.15849094417
2990,2.27484735861
2991,2.64516012611
2992,2.88460474713
2993,3.09582730931
2994,3.08091900967
2995,2.82776103631
2996,2.57118568193
2997,2.93653286903
2998,2.90456481452
2999,3.16363366792
3000,2.8986264825
3001,3.28885622657
3002,2.0474954051
3003,2.93633395312
3004,3.26979435206
3005,3.36693359914
3006,2.83293607194
3007,3.35882215491
3008,2.48183143278
3009,3.21983706145
3010,2.72033635725
3011,3.65888641081
3012,2.21966446069
3013,3.14162797401
3014,3.02117746575
3015,3.37956280211
3016,2.78338526309
3017,3.40087000036
3018,2.78568140726
3019,2.10676892456
3020,2.87544998445
3021,2.95497410966
3022,2.48760250171
3023,3.13345854562
3024,2.68616952449
3025,3.16525876094
3026,3.0337460071
3027,2.83647666852
3028,2.85989199038
3029,2.4243535077
3030,3.11411554042
3031,2.96543105014
3032,2.32838652346
3033,2.92709031816
3034,2.82591590365
3035,2.86592927397
3036,3.12942722138
3037,3.47812146237
3038,2.79155472682
3039,1.77803451111
3040,3.10813102762
3041,2.84935120185
3042,2.79925279337
3043,2.72464830768
3044,3.22937210058
3045,3.26741562188
3046,3.20713550303
3047,2.75635139812
3048,2.95144026809
3049,2.69614610974
3050,2.85146470826
3051,2.90264766295
3052,2.47737464479
3053,3.09610369423
3054,2.31546441295
3055,3.81376607908
3056,2.75634521627
3057,2.91025815654
3058,3.18192622357
3059,1.50655124802
3060,2.79781992402
3061,3.41141283875
3062,2.50875311762
3063,2.77469194928
3064,2.76097285528
3065,3.07518554421
3066,2.4112883643
3067,2.70315568504
3068,2.84415038097
3069,3.18463054832
3070,3.16661866574
3071,2.37560926647
3072,3.37558221333
3073,2.49345476258
3074,2.69868411287
3075,3.12571895843
3076,2.31348151829
3077,2.5264000852
3078,2.9452500466
3079,3.20430420896
3080,2.97512908612
3081,3.02062118618
3082,3.37490764584
3083,2.09197696122
3084,2.7372098205
3085,2.88805124553
3086,3.10266100941
3087,2.53920157499
3088,2.81255233563
3089,2.44969007945
3090,3.22405006522
3091,3.67336078075
3092,2.46366752682
3093,2.26655335142
3094,3.25581831587
3095,2.14382129782
3096,3.0472470837
3097,3.73734702103
3098,2.86700043973
3099,3.40667202075
3100,2.91477692254
3101,2.88815129631
3102,2.32032351328
3103,2.83113891404
3104,2.50306473987
3105,2.74160038688
3106,2.83772723677
3107,2.45476822718
3108,2.73294417302
3109,2.59375138
3110,3.20550792793
3111,3.18144640529
3112,2.80970588481
3113,2.90597944825
3114,2.04126158284
3115,3.43527638123
3116,2.98738407716
3117,2.51455392287
3118,2.76921199115
3119,2.90003576027
3120,2.80241344174
3121,2.80842466307
3122,3.29949462601
3123,2.88567149686
3124,2.16283581396
3125,2.78523767455
3126,3.08631492145
3127,3.66694895578
3128,2.98262192379
3129,2.96868673796
3130,3.01832052795
3131,2.28627038447
3132,3.01724295239
3133,3.50406665127
3134,2.89674946167
3135,2.57188201634
3136,2.91132496952
3137,2.95582865203
3138,2.57942059883
3139,2.77308050837
3140,3.23642680461
3141,2.57153590184
3142,3.03317636637
3143,3.05321012861
3144,2.97521068799
3145,2.92364142367
3146,2.7629082518
3147,2.67002405916
3148,2.8040669114
3149,2.45989385686
3150,2.42457616551
3151,3.70660250736
3152,2.53432277189
3153,3.38917229981
3154,3.17789857793
3155,3.42382438835
3156,3.31800279291
3157,2.32666878258
3158,2.69300321055
3159,2.79188926551
3160,2.52815570975
3161,3.19464904543
3162,2.70277481838
3163,2.26621609034
3164,2.89587331798
3165,3.48171162799
3166,2.75848904047
3167,2.14910885702
3168,2.71876099365
3169,2.74028492147
3170,2.76216654717
3171,3.84555527373
3172,2.69255784901
3173,2.87929518755
3174,3.15749006878
3175,2.59610317814
3176,2.31277234788
3177,2.84263638579
3178,3.4864397971
3179,3.21720480155
3180,3.38161695213
3181,3.07027385562
3182,3.23337930359
3183,3.0361787712
3184,2.99174326947
3185,3.06331272663
3186,3.41574203807
3187,3.49320413115
3188,2.47094358397
3189,2.85302839883
3190,2.42759382833
3191,2.85168240062
3192,2.91700078977
3193,3.10751042091
3194,2.92505903726
3195,3.21156924716
3196,2.68546359529
3197,2.91354889487
3198,2.90800865225
3199,3.05042675932
3200,2.87872701692
3201,2.68766095349
3202,3.51319691864
3203,2.99852868814
3204,3.26095384961
3205,2.76589357428
3206,2.83646119901
3207,2.77811800672
3208,2.93747087974
3209,2.53442221904
3210,3.1719414909
3211,2.54309606111
3212,3.01286036817
3213,2.3057160177
3214,2.33608642533
3215,3.36150634571
3216,2.94208501615
3217,2.84114672104
3218,3.00889397545
3219,2.66413849623
3220,2.80060288737
3221,2.8657079837
3222,2.91184985203
3223,2.92698417497
3224,2.62475533077
3225,3.06631077055
3226,2.54387701466
3227,2.80262822101
3228,2.96203443676
3229,2.87227821809
3230,2.45974567056
3231,2.67235618915
3232,1.90874790843
3233,2.87359481099
3234,2.80430024221
3235,3.4339773472
3236,2.96145047724
3237,2.44797026191
3238,2.68911374394
3239,3.15789941947
3240,2.84402152461
3241,3.31261147376
3242,2.89060194404
3243,2.88103579263
3244,3.18569252263
3245,2.75489213946
3246,2.45454089933
3247,2.80092179448
3248,2.43774878617
3249,2.73608053862
3250,2.96808432922
3251,2.83675608207
3252,2.95949517257
3253,2.60600327366
3254,2.54338595533
3255,2.76751240497
3256,3.01840459459
3257,3.1342016189
3258,2.94719116586
3259,2.9084621966
3260,2.22351204669
3261,2.71235498543
3262,3.02726191983
3263,2.38071574417
3264,3.08954679151
3265,2.71355760274
3266,3.29946107625
3267,2.23692089775
3268,2.3700952077
3269,2.49124040246
3270,2.94153359053
3271,3.07335242075
3272,3.09608885925
3273,3.27414997985
3274,2.97301979435
3275,3.32099175566
3276,2.08223229251
3277,3.44553580615
3278,2.83836572688
3279,3.6015279772
3280,2.70120538575
3281,1.87989204468
3282,2.68616027915
3283,3.51035599288
3284,3.01587358509
3285,3.00147810387
3286,3.32321440127
3287,3.17725494067
3288,2.65021914601
3289,2.82877891884
3290,3.17236503373
3291,3.01505747645
3292,2.2262454565
3293,2.80407423152
3294,3.03543454687
3295,2.38765450707
3296,3.11183916722
3297,3.44864703787
3298,2.72714262149
3299,2.69123159097
3300,2.54578579294
3301,2.27627306973
3302,3.41318539563
3303,3.33868668071
3304,2.88889882585
3305,2.70012150065
3306,3.29097207383
3307,2.87731141091
3308,3.11415730018
3309,2.42964801009
3310,3.10087082999
3311,2.99099251291
3312,2.93073804543
3313,2.90222628027
3314,2.87205749104
3315,2.88851514491
3316,1.87060858273
3317,2.74869705491
3318,3.18770755201
3319,2.4315111978
3320,3.45463622416
3321,2.74076346939
3322,3.4954388295
3323,2.67661107887
3324,3.35584194483
3325,2.7244722591
3326,2.88551769524
3327,3.5312344891
3328,3.19775992349
3329,3.03708725384
3330,2.9078967125
3331,2.91083008833
3332,2.78485526372
3333,2.70647417056
3334,2.78794006025
3335,2.77295544162
3336,3.11951206498
3337,2.90278989732
3338,3.07161170033
3339,2.05693959846
3340,2.60129260593
3341,2.93060710546
3342,3.48307147928
3343,2.04631479028
3344,3.29918059852
3345,3.03117603583
3346,2.9994946571
3347,3.26501792942
3348,2.59424258578
3349,2.9120231765
3350,2.75727087792
3351,2.83832880625
3352,2.38732535065
3353,2.88951624104
3354,2.88122551459
3355,3.31925672353
3356,2.85082993127
3357,1.97399071544
3358,2.99110588521
3359,2.88797964955
3360,2.91639060743
3361,2.84081676836
3362,2.60093847343
3363,2.42290914052
3364,2.99091296538
3365,2.68283536024
3366,2.62186397269
3367,3.13861187945
3368,2.64615463694
3369,2.94469046325
3370,2.71263143238
3371,2.99520572469
3372,2.82546911683
3373,3.57588511694
3374,2.8373880996
3375,3.04924057192
3376,2.97520225401
3377,2.96970824202
3378,3.15373787127
3379,2.75377421292
3380,3.18431891492
3381,2.38385391151
3382,2.56304423516
3383,2.51487583695
3384,2.08246365612
3385,3.05395074457
3386,2.8871977741
3387,1.2696833035
3388,2.31278677816
3389,2.7084931635
3390,2.54374608609
3391,2.86331626718
3392,3.11476381892
3393,2.62780850193
3394,2.5542878411
3395,3.43171485587
3396,2.7315356797
3397,3.48811120705
3398,3.08496309421
3399,2.84410197959
3400,2.91132970043
3401,2.93569224243
3402,3.49708115907
3403,2.59084611609
3404,3.03707224618
3405,2.90928340514
3406,3.2190644389
3407,2.58762096389
3408,3.13754799797
3409,3.16123582783
3410,2.65234647619
3411,3.41898781888
3412,3.2811763234
3413,3.1187546921
3414,2.90542198734
3415,2.65579960093
3416,2.76656981668
3417,2.43254418072
3418,3.92693497759
3419,2.55465914966
3420,2.85278560922
3421,2.99290602378
3422,3.17771452892
3423,2.85107640547
3424,3.07108446642
3425,3.14755730225
3426,3.27470493152
3427,2.8667951668
3428,2.85125305766
3429,2.87438414987
3430,2.87462677264
3431,2.36110098344
3432,3.0306991602
3433,2.05918512641
3434,3.76621235605
3435,3.21056722766
3436,2.67402707562
3437,2.90843542332
3438,2.75968022206
3439,2.86836991048
3440,2.55203321402
3441,3.93019362823
3442,3.72248641864
3443,3.44423837012
3444,2.94692451681
3445,3.00877167198
3446,3.1406667414
3447,2.1736024193
3448,2.94803748726
3449,2.89402996674
3450,2.27032788022
3451,2.86368920049
3452,2.91892235475
3453,3.15152122429
3454,3.11280692292
3455,2.84627775445
3456,2.85938739712
3457,2.68190338004
3458,2.66601826066
3459,2.75157959314
3460,3.01073895882
3461,2.73391437892
3462,3.09892789718
3463,3.28335557766
3464,2.76904058948
3465,2.78774834405
3466,3.40340119156
3467,2.77688136633
3468,2.45375593989
3469,3.33263121026
3470,2.81052213444
3471,1.82996036794
3472,1.99127614798
3473,2.87124207431
3474,3.27347622685
3475,3.02047999546
3476,2.91127457527
3477,2.71525557628
3478,2.64703412138
3479,2.35806349136
3480,2.88797964955
3481,2.98481491985
3482,3.19006054231
3483,2.50267740762
3484,2.91845064678
3485,3.79821037054
3486,3.10266034853
3487,2.83009629509
3488,2.1001091711
3489,3.00382866167
3490,2.36310764054
3491,2.27269603924
3492,2.94784733598
3493,2.82989865889
3494,3.01301168798
3495,3.05545389068
3496,3.47448464353
3497,3.34393795515
3498,3.13881410144
3499,2.81176853484
3500,2.1454804843
3501,2.58555301857
3502,2.96335837576
3503,2.08364546464
3504,3.03458276935
3505,3.01820512885
3506,3.09952292961
3507,2.77266977199
3508,2.76928304672
3509,3.09174250718
3510,2.84107610439
3511,3.30928819863
3512,2.84656193722
3513,2.99516771922
3514,2.48984274291
3515,2.88848843751
3516,2.61669075589
3517,3.11968339878
3518,2.8649143203
3519,3.54743322447
3520,2.96676058409
3521,2.5450455803
3522,2.82448617278
3523,2.90841741646
3524,2.58368453033
3525,2.7493791742
3526,3.28723103061
3527,2.99167887712
3528,2.90232817244
3529,2.54624846892
3530,2.89638790091
3531,2.79152572114
3532,4.00009464837
3533,2.84377599312
3534,2.75927757132
3535,3.10173015391
3536,2.9460904175
3537,3.09383002405
3538,2.68571902661
3539,3.11172918647
3540,3.21098420051
3541,2.80099673138
3542,2.81053625536
3543,3.08718834916
3544,2.13855815752
3545,3.55539648134
3546,3.04741999086
3547,3.36584164724
3548,3.27783595799
3549,2.94309721653
3550,2.31370199993
3551,2.77222703944
3552,2.65934537471
3553,2.92711168918
3554,1.99305152406
3555,2.54427559454
3556,3.10484599927
3557,2.21062294873
3558,3.00250202978
3559,2.89176706347
3560,2.77092778317
3561,2.79947204713
3562,2.94350478268
3563,3.09634548987
3564,2.63861891641
3565,3.14161513362
3566,2.49197728569
3567,2.97558163452
3568,3.40784344635
3569,2.90392595143
3570,1.76219725421
3571,1.96016090269
3572,3.32254107119
3573,2.56125753421
3574,2.85710535659
3575,1.91344278168
3576,2.82669292855
3577,3.33540536656
3578,2.72458195807
3579,3.13253380786
3580,2.7806310928
3581,2.96120503975
3582,2.64295121253
3583,2.92342277497
3584,2.95824797671
3585,2.55163502037
3586,2.59141633411
3587,3.21335366153
3588,2.61135574635
3589,3.0328129848
3590,2.64047629902
3591,3.28366465213
3592,2.58277789704
3593,2.14192962369
3594,2.97569511002
3595,3.1420636449
3596,2.6005479282
3597,2.87563004574
3598,2.41130167439
3599,2.84841331724
3600,3.7233696114
3601,3.12464022226
3602,2.2952148798
3603,3.53496329906
3604,2.71719452432
3605,2.70799460693
3606,2.32366734364
3607,2.82022951582
3608,2.40498018903
3609,2.78043354865
3610,2.84409243183
3611,2.71056809988
3612,3.12304116186
3613,2.48189898108
3614,3.17929383602
3615,2.39826309378
3616,3.80153845987
3617,2.5530193138
3618,2.9437223031
3619,3.08148155421
3620,3.17478247589
3621,3.07004516906
3622,2.98742999477
3623,2.68417368267
3624,2.99337206509
3625,2.83430441691
3626,3.16848440925
3627,3.32335767487
3628,2.6271602719
3629,2.72298423756
3630,2.50504778575
3631,3.10985522678
3632,2.89147598396
3633,2.84611689902
3634,2.73381909049
3635,2.54990983979
3636,2.90688325412
3637,3.08334081881
3638,2.70636986238
3639,3.30943595792
3640,3.09697502794
3641,2.74289099282
3642,2.63131051659
3643,2.53764905155
3644,3.07106306064
3645,2.9539444649
3646,2.76336202992
3647,2.72492654122
3648,2.85441662949
3649,2.67507721436
3650,2.74313287995
3651,2.23696414685
3652,2.40078055654
3653,3.02903776908
3654,2.70771092986
3655,2.28326973331
3656,2.06489366598
3657,3.14382313863
3658,2.81363122685
3659,2.64438151178
3660,2.77884039869
3661,2.88159000274
3662,2.80140491038
3663,2.79697892323
3664,3.65121175908
3665,2.90301685525
3666,3.20742043064
3667,3.00276996786
3668,3.12186026441
3669,2.67009381273
3670,2.38555595935
3671,3.00140127696
3672,2.67967775182
3673,2.84480648873
3674,2.88784151065
3675,2.93355244615
3676,3.15875394516
3677,2.76331742031
3678,2.74711113156
3679,2.85849890843
3680,2.90332314501
3681,3.59758326817
3682,3.12556523098
3683,3.26417046363
3684,2.64598516844
3685,2.74540902701
3686,2.63552054299
3687,2.90241088683
3688,3.02406582657
3689,2.44053212128
3690,3.33430396278
3691,3.14565031193
3692,3.32167283534
3693,3.33577381019
3694,2.62263848593
3695,2.93425245891
3696,2.6883243849
3697,2.93895041492
3698,2.91531259228
3699,2.48023987561
3700,3.05837199527
3701,3.1354957506
3702,3.01618797747
3703,2.64546582489
3704,3.2576743397
3705,2.55390852833
3706,3.17349514594
3707,3.07439808412
3708,2.18230733857
3709,2.89113652227
3710,2.91740211464
3711,2.69543146418
3712,2.22465450014
3713,1.91669696957
3714,2.90267445117
3715,3.44761295688
3716,3.19153270097
3717,3.04581066696
3718,2.58058062756
3719,2.92307415287
3720,2.74984004542
3721,2.79757230013
3722,3.35022570989
3723,3.08502639229
3724,2.78604259294
3725,3.06584930811
3726,3.07813631811
3727,3.11679137152
3728,3.07322275079
3729,2.98934099045
3730,2.88382229961
3731,2.81916713304
3732,2.54656623949
3733,2.38784261576
3734,2.6678835174
3735,3.03126119269
3736,2.39779384759
3737,3.36162392938
3738,2.21801359239
3739,1.76862295117
3740,3.31094279341
3741,3.38625933198
3742,2.83026178889
3743,2.44747097957
3744,2.95405273222
3745,3.21086876964
3746,3.07745222356
3747,2.95369321036
3748,3.23554417254
3749,3.17604331386
3750,2.85751471689
3751,3.03318353493
3752,2.80063144503
3753,2.81889150656
3754,2.88708166243
3755,3.21945974521
3756,2.56160062406
3757,2.94469046325
3758,2.57416173273
3759,2.49660784548
3760,2.37584829211
3761,2.96363246636
3762,2.94469046325
3763,3.23396255412
3764,2.1181915501
3765,3.68799165026
3766,2.5883810766
3767,2.73880020341
3768,2.90652739287
3769,2.6463056306
3770,3.27827181631
3771,2.91420671927
3772,1.70090410428
3773,1.62585534782
3774,2.71587762056
3775,3.33861120713
3776,3.57318429869
3777,2.39798965921
3778,2.88797964955
3779,2.94945955071
3780,2.70096111082
3781,3.26606644683
3782,3.03600109304
3783,3.63219372795
3784,2.81589873761
3785,2.67231805643
3786,2.58215485741
3787,3.48500980222
3788,3.28366843202
3789,2.56490643445
3790,3.15071059715
3791,2.7841422427
3792,3.48039608098
3793,3.09611619993
3794,3.15124107133
3795,2.20873700697
3796,2.56424825782
3797,3.17573799449
3798,3.2239489509
3799,3.02710889673
3800,2.75760937642
3801,1.79525792772
3802,3.18996125629
3803,2.52406865754
3804,2.75527989908
3805,2.91086865469
3806,2.74060127963
3807,3.02944053169
3808,3.29248729354
3809,2.67703020135
3810,1.93469868751
3811,2.93429000039
3812,2.63047909031
3813,2.93369598393
3814,2.85329576115
3815,2.85783981551
3816,3.0218560515
3817,2.48521508948
3818,3.4370585088
3819,2.85827161858
3820,2.70865000887
3821,2.6934099175
3822,3.00795098463
3823,2.64798711703
3824,2.66488152602
3825,3.3169861516
3826,2.80218859848
3827,2.2874809372
3828,2.90083826063
3829,2.86076223238
3830,2.3336001305
3831,2.69083643126
3832,2.98503887857
3833,3.2713892144
3834,2.97731414932
3835,2.83241269944
3836,2.88797964955
3837,3.35017668856
3838,3.25323638602
3839,2.9867647656
3840,2.50769305121
3841,2.4973690775
3842,2.68539411251
3843,2.75132073886
3844,2.96309879687
3845,3.38226491233
3846,2.67049425114
3847,2.86383417129
3848,2.7238691154
3849,2.22340386234
3850,3.0611434399
3851,3.03477999581
3852,2.83642936184
3853,2.13360243436
3854,3.06262954308
3855,3.06454337032
3856,3.08088990131
3857,3.12888079889
3858,2.74155937644
3859,3.10153659476
3860,2.76214079142
3861,3.07844174135
3862,2.35373376599
3863,3.03298205798
3864,3.01609097259
3865,2.9604778001
3866,3.08344180389
3867,3.18515158015
3868,3.12866000399
3869,2.78942061659
3870,3.3070602172
3871,2.817137013
3872,2.90688325412
3873,3.17996806539
3874,2.94858468703
3875,1.98857221295
3876,3.09260529826
3877,3.62405884497
3878,2.62150401179
3879,2.5584094444
3880,3.0537849781
3881,3.00000510351
3882,3.1931226511
3883,2.76129872788
3884,1.91062366591
3885,2.78593725059
3886,2.52394125835
3887,3.03952303834
3888,3.10828947562
3889,3.11376924699
3890,2.43257287968
3891,3.08720999418
3892,2.39545042091
3893,2.98802512683
3894,2.62563601359
3895,3.90493461602
3896,2.54854427013
3897,2.92998197198
3898,3.02576430018
3899,2.47927389355
3900,2.63132074415
3901,2.75290377448
3902,2.89022818916
3903,2.31036167598
3904,2.79295968902
3905,3.48656960076
3906,3.19586163217
3907,2.82507310057
3908,2.36228739736
3909,2.9921363729
3910,2.71175256126
3911,2.72562386937
3912,3.29641690856
3913,2.51534392644
3914,2.94514101092
3915,2.46854649433
3916,3.84966295061
3917,2.75764797849
3918,2.91103186397
3919,2.94510843154
3920,2.88469908586
3921,2.93682886644
3922,2.7247379664
3923,2.88787598601
3924,2.63918465931
3925,2.93245485915
3926,2.90643101994
3927,2.12750866361
3928,2.94672148349
3929,2.63481838032
3930,2.46939096602
3931,2.67745619117
3932,2.66953013627
3933,2.93606125245
3934,3.35688578237
3935,3.081589885
3936,2.57278963473
3937,3.08103903774
3938,3.40813913395
3939,3.02917882215
3940,2.70546212864
3941,2.89064841747
3942,3.7177698998
3943,3.08398637527
3944,2.60631002405
3945,2.99286668499
3946,2.46567306843
3947,3.46596966694
3948,2.98924747722
3949,2.92013364844
3950,2.73276462544
3951,2.98924747722
3952,3.35664131236
3953,2.96661484801
3954,3.3403324976
3955,3.18663712263
3956,1.44476879232
3957,3.16728315447
3958,2.76182717213
3959,3.01017771067
3960,2.82169659041
3961,3.16868806835
3962,2.80133605391
3963,3.16768773101
3964,2.74432787261
3965,2.35669962546
3966,3.01004147137
3967,3.27243800572
3968,2.63584634367
3969,2.91975967681
3970,3.03706297251
3971,2.96440011877
3972,3.01343910602
3973,2.81717196463
3974,3.0456731342
3975,2.94947430917
3976,2.51522029236
3977,2.35016336785
3978,2.80857814432
3979,2.95544860143
3980,3.01571071059
3981,3.0338044912
3982,3.14689610641
3983,2.51242328436
3984,2.9298168133
3985,3.03870797828
3986,2.93044275588
3987,3.00577178505
3988,3.21118962669
3989,2.4043646149
3990,2.73726261746
3991,2.79001487411
3992,2.86126060604
3993,3.34271196042
3994,1.58923313138
3995,2.67559763416
3996,2.89102446211
3997,2.61155446902
3998,3.03723170353
3999,3.35933846527
4000,3.05671455149
4001,3.08536640365
4002,2.80308248722
4003,2.4598334124
4004,2.46017947758
4005,2.37625287705
4006,3.59125517697
4007,3.08737712668
4008,2.69348323418
4009,2.23967524385
4010,2.30312391645
4011,2.79351470449
4012,2.87026585209
4013,3.02789537376
4014,3.14817281399
4015,2.57627221462
4016,2.92041559767
4017,1.6701032557
4018,2.91354099799
4019,2.846797538
4020,2.7050218055
4021,2.67482297391
4022,3.23706684324
4023,3.22089925004
4024,2.59520506161
4025,3.41821449145
4026,2.95024627067
4027,2.90138871651
4028,3.54430601102
4029,2.92942370539
4030,3.24197262669
4031,2.31163642383
4032,2.9421096909
4033,2.55038597833
4034,2.98729657675
4035,2.82451903101
4036,2.92668254946
4037,2.91857402799
4038,3.69629654487
4039,3.31473425273
4040,3.16489004771
4041,2.96085395929
4042,2.3899407783
4043,2.68207281962
4044,2.47453356074
4045,3.19942338182
4046,3.32697931989
4047,3.25204735381
4048,2.43413758096
4049,1.93377394061
4050,2.4750657362
4051,3.0425548158
4052,3.01384716956
4053,3.27609272187
4054,3.27266525219
4055,2.33642109515
4056,2.66861904536
4057,3.13980582695
4058,3.00003876917
4059,3.06392487336
4060,3.01827578905
4061,2.74142063601
4062,2.5147792743
4063,2.50675401169
4064,3.04159756876
4065,3.08254658793
4066,2.41914831804
4067,2.81361236294
4068,2.70985022583
4069,2.74385302908
4070,3.3453176827
4071,2.61405573584
4072,2.63167197373
4073,3.19952306021
4074,3.20505273665
4075,2.88460474713
4076,2.98066715941
4077,2.2665341572
4078,2.71663920018
4079,2.4095423383
4080,3.06656448752
4081,2.97418437413
4082,3.14245830763
4083,2.78513933472
4084,2.45319781112
4085,3.30563972151
4086,2.18192052955
4087,2.79807991714
4088,3.35716248131
4089,2.58415786103
4090,3.16792586188
4091,2.92672037891
4092,2.13374248079
4093,2.87087505493
4094,2.9756851026
4095,3.21214250891
4096,3.05148756867
4097,3.33165154358
4098,2.84396946214
4099,3.14396115548
4100,2.60902828109
4101,2.85346631753
4102,2.5632273806
4103,2.78432103657
4104,3.7017473388
4105,2.82156657362
4106,2.68047262268
4107,2.73712349398
4108,3.2999532277
4109,2.7410274359
4110,2.94910063492
4111,3.608539332
4112,2.86890198222
4113,2.97943494809
4114,3.89125200383
4115,3.28721421567
4116,2.88695946735
4117,3.60724799991
4118,3.24682058613
4119,3.2521408679
4120,2.75072248641
4121,3.31178564775
4122,2.63760175392
4123,3.03429297424
4124,3.17168221824
4125,3.41825763035
4126,3.34075644297
4127,3.30075183931
4128,3.2803390069
4129,2.83241269944
4130,3.31873227415
4131,2.48149813958
4132,2.74117282585
4133,3.22635228485
4134,3.29470991439
4135,2.8628574004
4136,2.86635577476
4137,2.90035147897
4138,2.51841881373
4139,2.97203534318
4140,2.8828071911
4141,2.60185168435
4142,2.97555504012
4143,2.4847903389
4144,2.80083827127
4145,2.67066716543
4146,3.14494229629
4147,2.85321808516
4148,2.34566317457
4149,3.37607678471
4150,2.98192597797
4151,3.13852635531
4152,2.76430290811
4153,2.86624358434
4154,1.83620633281
4155,2.69919374217
4156,2.59324879517
4157,2.59756192354
4158,3.00823931725
4159,2.6547823331
4160,2.90060063821
4161,2.66193900629
4162,2.76074976571
4163,3.73737153801
4164,2.83813606393
4165,3.22584441982
4166,3.30836198202
4167,2.78267814923
4168,2.64077350905
4169,2.89987723365
4170,2.85608025011
4171,3.01522707539
4172,1.69777620153
4173,3.21050332128
4174,2.74324602918
4175,2.66852518077
4176,2.55852816631
4177,2.75743552655
4178,2.09656104978
4179,2.5087608841
4180,3.2093463105
4181,3.18699422812
4182,2.57332639619
4183,3.46835583907
4184,2.72900825523
4185,2.99017407488
4186,3.0095124256
4187,2.92911169502
4188,2.46411756147
4189,2.74463468296
4190,2.60904874393
4191,2.96696897024
4192,3.08047794454
4193,3.18505018052
4194,2.51779260387
4195,2.14501139077
4196,2.05710456569
4197,3.10338689599
4198,2.94779582209
4199,3.03370031497
4200,3.50202161804
4201,2.80881230075
4202,3.26703157978
4203,2.87870124109
4204,2.98273301374
4205,2.61138039122
4206,2.89716331863
4207,2.8683647922
4208,2.87059846258
4209,2.90192252919
4210,2.69261426277
4211,2.85579146752
4212,2.7950736204
4213,3.03799507265
4214,2.97364904311
4215,2.38388887652
4216,2.98750840854
4217,2.98715195046
4218,2.62629061477
4219,2.54933529446
4220,2.9604778001
4221,2.83250364177
4222,3.03965445611
4223,2.57838474559
4224,2.91407068946
4225,3.40361472272
4226,2.34877458143
4227,2.91793379527
4228,2.79159578121
4229,2.36959562013
4230,3.08853924128
4231,2.92479318163
4232,2.56876257711
4233,3.48791716345
4234,3.28682918228
4235,3.0762046761
4236,2.13528629303
4237,3.31617812696
4238,2.49078608299
4239,2.34952229366
4240,2.76212097709
4241,3.25547577974
4242,2.79502837732
